<?xml version="1.0" encoding="utf-8" standalone="no"?>
<problem revision="4" short-name="posn-skr-3-3" url="https://polygon.codeforces.com/p5EVr7p/pxsit/posn-skr-3-3">
    <names>
        <name language="thai" value="Fertilizer"/>
    </names>
    <statements>
        <statement charset="UTF-8" language="thai" mathjax="true" path="statements/thai/problem.tex" type="application/x-tex"/>
        <statement charset="UTF-8" language="thai" mathjax="true" path="statements/.html/thai/problem.html" type="text/html"/>
        <statement language="thai" path="statements/.pdf/thai/problem.pdf" type="application/pdf"/>
    </statements>
    <judging cpu-name="Intel(R) Core(TM) i3-8100 CPU @ 3.60GHz" cpu-speed="3600" input-file="" output-file="" run-count="1">
        <testset name="tests">
            <time-limit>1000</time-limit>
            <memory-limit>268435456</memory-limit>
            <test-count>50</test-count>
            <input-path-pattern>tests/%02d</input-path-pattern>
            <answer-path-pattern>tests/%02d.a</answer-path-pattern>
            <tests>
                <test cmd="gen 1 1" group="1" method="generated" points="2.0"/>
                <test cmd="gen 1 2" group="1" method="generated" points="2.0"/>
                <test cmd="gen 1 3" group="1" method="generated" points="2.0"/>
                <test cmd="gen 1 4" group="1" method="generated" points="2.0"/>
                <test cmd="gen 1 5" group="1" method="generated" points="2.0"/>
                <test cmd="gen 1 6" group="1" method="generated" points="2.0"/>
                <test cmd="gen 1 7" group="1" method="generated" points="3.0"/>
                <test cmd="gen 2 1" group="2" method="generated" points="1.0"/>
                <test cmd="gen 2 2" group="2" method="generated" points="2.0"/>
                <test cmd="gen 2 3" group="2" method="generated" points="2.0"/>
                <test cmd="gen 2 4" group="2" method="generated" points="2.0"/>
                <test cmd="gen 2 5" group="2" method="generated" points="2.0"/>
                <test cmd="gen 2 6" group="2" method="generated" points="2.0"/>
                <test cmd="gen 2 7" group="2" method="generated" points="2.0"/>
                <test cmd="gen 2 8" group="2" method="generated" points="2.0"/>
                <test cmd="gen 2 9" group="2" method="generated" points="2.0"/>
                <test cmd="gen 2 10" group="2" method="generated" points="2.0"/>
                <test cmd="gen 2 11" group="2" method="generated" points="2.0"/>
                <test cmd="gen 2 12" group="2" method="generated" points="2.0"/>
                <test cmd="gen 2 13" group="2" method="generated" points="2.0"/>
                <test cmd="gen 3 1" group="3" method="generated" points="2.0"/>
                <test cmd="gen 3 2" group="3" method="generated" points="2.0"/>
                <test cmd="gen 3 3" group="3" method="generated" points="2.0"/>
                <test cmd="gen 3 4" group="3" method="generated" points="2.0"/>
                <test cmd="gen 3 5" group="3" method="generated" points="2.0"/>
                <test cmd="gen 3 6" group="3" method="generated" points="2.0"/>
                <test cmd="gen 3 7" group="3" method="generated" points="2.0"/>
                <test cmd="gen 3 8" group="3" method="generated" points="2.0"/>
                <test cmd="gen 3 9" group="3" method="generated" points="2.0"/>
                <test cmd="gen 3 10" group="3" method="generated" points="2.0"/>
                <test cmd="gen 3 11" group="3" method="generated" points="2.0"/>
                <test cmd="gen 3 12" group="3" method="generated" points="2.0"/>
                <test cmd="gen 3 13" group="3" method="generated" points="2.0"/>
                <test cmd="gen 3 14" group="3" method="generated" points="2.0"/>
                <test cmd="gen 3 15" group="3" method="generated" points="2.0"/>
                <test cmd="gen 3 16" group="3" method="generated" points="2.0"/>
                <test cmd="gen 3 17" group="3" method="generated" points="2.0"/>
                <test cmd="gen 3 18" group="3" method="generated" points="2.0"/>
                <test cmd="gen 3 19" group="3" method="generated" points="2.0"/>
                <test cmd="gen 3 20" group="3" method="generated" points="2.0"/>
                <test cmd="gen 3 21" group="3" method="generated" points="2.0"/>
                <test cmd="gen 3 22" group="3" method="generated" points="2.0"/>
                <test cmd="gen 3 23" group="3" method="generated" points="2.0"/>
                <test cmd="gen 3 24" group="3" method="generated" points="2.0"/>
                <test cmd="gen 3 25" group="3" method="generated" points="2.0"/>
                <test cmd="gen 3 26" group="3" method="generated" points="2.0"/>
                <test cmd="gen 3 27" group="3" method="generated" points="2.0"/>
                <test cmd="gen 3 28" group="3" method="generated" points="2.0"/>
                <test cmd="gen 3 29" group="3" method="generated" points="2.0"/>
                <test cmd="gen 4 misterOsohandsome" group="3" method="generated" points="2.0"/>
            </tests>
            <groups>
                <group feedback-policy="complete" name="1" points="15.0" points-policy="complete-group"/>
                <group feedback-policy="complete" name="2" points="25.0" points-policy="complete-group">
                    <dependencies>
                        <dependency group="1"/>
                    </dependencies>
                </group>
                <group feedback-policy="complete" name="3" points="60.0" points-policy="complete-group">
                    <dependencies>
                        <dependency group="2"/>
                    </dependencies>
                </group>
            </groups>
        </testset>
    </judging>
    <files>
        <resources>
            <file path="files/olymp.sty"/>
            <file path="files/problem.tex"/>
            <file path="files/statements.ftl"/>
            <file path="files/testlib.h" type="h.g++"/>
        </resources>
        <executables>
            <executable>
                <source path="files/gen.cpp" type="cpp.gcc14-64-msys2-g++23"/>
            </executable>
            <executable>
                <source path="files/validator.cpp" type="cpp.gcc14-64-msys2-g++23"/>
            </executable>
        </executables>
    </files>
    <assets>
        <checker name="std::ncmp.cpp" type="testlib">
            <source path="files/check.cpp" type="cpp.g++17"/>
            <copy path="check.cpp"/>
            <testset>
                <test-count>0</test-count>
                <input-path-pattern>files/tests/checker-tests/%02d</input-path-pattern>
                <output-path-pattern>files/tests/checker-tests/%02d.o</output-path-pattern>
                <answer-path-pattern>files/tests/checker-tests/%02d.a</answer-path-pattern>
                <tests/>
            </testset>
        </checker>
        <validators>
            <validator>
                <source path="files/validator.cpp" type="cpp.gcc14-64-msys2-g++23"/>
                <testset>
                    <test-count>0</test-count>
                    <input-path-pattern>files/tests/validator-tests/%02d</input-path-pattern>
                    <tests/>
                </testset>
            </validator>
        </validators>
        <solutions>
            <solution tag="main">
                <source path="solutions/sol.cpp" type="cpp.gcc14-64-msys2-g++23"/>
            </solution>
        </solutions>
    </assets>
    <properties>
        <property name="tests-wellformed" value="true"/>
    </properties>
    <stresses>
        <stress-count>0</stress-count>
        <stress-path-pattern>stresses/%03d</stress-path-pattern>
        <list/>
    </stresses>
</problem>
